uni_code,course,university,pdf_page,printed_page
001A,MEDICINE,UNIVERSITY OF COLOMBO,149,142
001B,MEDICINE,UNIVERSITY OF PERADENIYA,149,142
001C,MEDICINE,UNIVERSITY OF SRI JAYEWARDENEPURA,149,142
001D,MEDICINE,UNIVERSITY OF KELANIYA,149,142
001E,MEDICINE,UNIVERSITY OF JAFFNA,149,142
001F,MEDICINE,UNIVERSITY OF RUHUNA,149,142
001G,MEDICINE,UNIVERSITY OF MORATUWA,149,142
001H,MEDICINE,"EASTERN UNIVERSITY, SRI LANKA",149,142
001K,MEDICINE,RAJARATA UNIVERSITY OF SRI LANKA,149,142
001L,MEDICINE,SABARAGAMUWA UNIVERSITY OF SRI LANKA,149,142
001M,MEDICINE,WAYAMBA UNIVERSITY OF SRI LANKA,149,142
001U,MEDICINE,UVA WELLASSA UNIVERSITY OF SRI LANKA,149,142
002B,DENTAL SURGERY,UNIVERSITY OF PERADENIYA,149,142
002C,DENTAL SURGERY,UNIVERSITY OF SRI JAYEWARDENEPURA,149,142
003B,VETERINARY SCIENCE,UNIVERSITY OF PERADENIYA,149,142
004E,AGRICULTURE,UNIVERSITY OF JAFFNA,149,142
004H,AGRICULTURE,"EASTERN UNIVERSITY, SRI LANKA",149,142
004K,AGRICULTURE,RAJARATA UNIVERSITY OF SRI LANKA,149,142
004L,AGRICULTURE,SABARAGAMUWA UNIVERSITY OF SRI LANKA,149,142
004M,AGRICULTURE,WAYAMBA UNIVERSITY OF SRI LANKA,149,142
005M,FOOD SCIENCE & NUTRITION,WAYAMBA UNIVERSITY OF SRI LANKA,149,142
006A,BIOLOGICAL SCIENCE,UNIVERSITY OF COLOMBO,149,142
006B,BIOLOGICAL SCIENCE,UNIVERSITY OF PERADENIYA,149,142
006C,BIOLOGICAL SCIENCE,UNIVERSITY OF SRI JAYEWARDENEPURA,149,142
006D,BIOLOGICAL SCIENCE,UNIVERSITY OF KELANIYA,149,142
006E,BIOLOGICAL SCIENCE,UNIVERSITY OF JAFFNA,149,142
006F,BIOLOGICAL SCIENCE,UNIVERSITY OF RUHUNA,149,142
006H,BIOLOGICAL SCIENCE,"EASTERN UNIVERSITY, SRI LANKA",149,142
006J,BIOLOGICAL SCIENCE,SOUTH EASTERN UNIVERSITY OF SRI LANKA,149,142
007K,APPLIED SCIENCES (BIOLOGICAL SC.),RAJARATA UNIVERSITY OF SRI LANKA,149,142
007L,APPLIED SCIENCES (BIOLOGICAL SC.),SABARAGAMUWA UNIVERSITY OF SRI LANKA,149,142
007R,APPLIED SCIENCES (BIOLOGICAL SC.),"UNIVERSITY OF VAVUNIYA, SRI LANKA",149,142
008B,ENGINEERING,UNIVERSITY OF PERADENIYA,149,142
008C,ENGINEERING,UNIVERSITY OF SRI JAYEWARDENEPURA,149,142
008E,ENGINEERING,UNIVERSITY OF JAFFNA,149,142
008F,ENGINEERING,UNIVERSITY OF RUHUNA,149,142
008G,ENGINEERING,UNIVERSITY OF MORATUWA,149,142
008J,ENGINEERING,SOUTH EASTERN UNIVERSITY OF SRI LANKA,149,142
009G,ENGINEERING (EM),UNIVERSITY OF MORATUWA,149,142
010G,ENGINEERING (TM),UNIVERSITY OF MORATUWA,149,142
011G,QUANTITY SURVEYING,UNIVERSITY OF MORATUWA,149,142
012C,COMPUTER SCIENCE,UNIVERSITY OF SRI JAYEWARDENEPURA,150,143
012D,COMPUTER SCIENCE,UNIVERSITY OF KELANIYA,150,143
012E,COMPUTER SCIENCE,UNIVERSITY OF JAFFNA,150,143
012F,COMPUTER SCIENCE,UNIVERSITY OF RUHUNA,150,143
012T,COMPUTER SCIENCE,UNIVERSITY OF COLOMBO SCHOOL OF COMPUTING,150,143
012W,COMPUTER SCIENCE,"TRINCOMALEE CAMPUS, EASTERN UNIVERSITY, SRI LANKA",150,143
013A,PHYSICAL SCIENCE,UNIVERSITY OF COLOMBO,150,143
013B,PHYSICAL SCIENCE,UNIVERSITY OF PERADENIYA,150,143
013C,PHYSICAL SCIENCE,UNIVERSITY OF SRI JAYEWARDENEPURA,150,143
013D,PHYSICAL SCIENCE,UNIVERSITY OF KELANIYA,150,143
013E,PHYSICAL SCIENCE,UNIVERSITY OF JAFFNA,150,143
013F,PHYSICAL SCIENCE,UNIVERSITY OF RUHUNA,150,143
013H,PHYSICAL SCIENCE,"EASTERN UNIVERSITY, SRI LANKA",150,143
013J,PHYSICAL SCIENCE,SOUTH EASTERN UNIVERSITY OF SRI LANKA,150,143
014L,SURVEYING SCIENCE,SABARAGAMUWA UNIVERSITY OF SRI LANKA,150,143
015K,APPLIED SCIENCES (PHYSICAL SC.),RAJARATA UNIVERSITY OF SRI LANKA,150,143
015L,APPLIED SCIENCES (PHYSICAL SC.),SABARAGAMUWA UNIVERSITY OF SRI LANKA,150,143
015M,APPLIED SCIENCES (PHYSICAL SC.),WAYAMBA UNIVERSITY OF SRI LANKA,150,143
015R,APPLIED SCIENCES (PHYSICAL SC.),"UNIVERSITY OF VAVUNIYA, SRI LANKA",150,143
015W,APPLIED SCIENCES (PHYSICAL SC.),"TRINCOMALEE CAMPUS, EASTERN UNIVERSITY, SRI LANKA",150,143
016A,MANAGEMENT,UNIVERSITY OF COLOMBO,150,143
016B,MANAGEMENT,UNIVERSITY OF PERADENIYA,150,143
016C,MANAGEMENT,UNIVERSITY OF SRI JAYEWARDENEPURA,150,143
016D,MANAGEMENT,UNIVERSITY OF KELANIYA,150,143
016E,MANAGEMENT,UNIVERSITY OF JAFFNA,150,143
016F,MANAGEMENT,UNIVERSITY OF RUHUNA,150,143
016H,MANAGEMENT,"EASTERN UNIVERSITY, SRI LANKA",150,143
016J,MANAGEMENT,SOUTH EASTERN UNIVERSITY OF SRI LANKA,150,143
016K,MANAGEMENT,RAJARATA UNIVERSITY OF SRI LANKA,150,143
016L,MANAGEMENT,SABARAGAMUWA UNIVERSITY OF SRI LANKA,150,143
016M,MANAGEMENT,WAYAMBA UNIVERSITY OF SRI LANKA,150,143
017C,REAL ESTATE MANAGEMENT AND VALUATION,UNIVERSITY OF SRI JAYEWARDENEPURA,150,143
018C,COMMERCE,UNIVERSITY OF SRI JAYEWARDENEPURA,150,143
018D,COMMERCE,UNIVERSITY OF KELANIYA,150,143
018E,COMMERCE,UNIVERSITY OF JAFFNA,150,143
018H,COMMERCE,"EASTERN UNIVERSITY, SRI LANKA",150,143
018J,COMMERCE,SOUTH EASTERN UNIVERSITY OF SRI LANKA,150,143
019A,ARTS,UNIVERSITY OF COLOMBO,150,143
019B,ARTS,UNIVERSITY OF PERADENIYA,150,143
019C,ARTS,UNIVERSITY OF SRI JAYEWARDENEPURA,150,143
019D,ARTS,UNIVERSITY OF KELANIYA,150,143
019E,ARTS,UNIVERSITY OF JAFFNA,150,143
019F,ARTS,UNIVERSITY OF RUHUNA,151,144
019H,ARTS,"EASTERN UNIVERSITY, SRI LANKA",151,144
019J,ARTS,SOUTH EASTERN UNIVERSITY OF SRI LANKA,151,144
019K,ARTS,RAJARATA UNIVERSITY OF SRI LANKA,151,144
020S,ARTS (SP) - MASS MEDIA,"SRIPALEE CAMPUS, UNIVERSITY OF COLOMBO",151,144
041S,ARTS (SP) - PERFORMING ARTS,"SRIPALEE CAMPUS, UNIVERSITY OF COLOMBO",151,144
021L,ARTS(SAB),SABARAGAMUWA UNIVERSITY OF SRI LANKA,151,144
022W,MANAGEMENT STUDIES (TV),"TRINCOMALEE CAMPUS, EASTERN UNIVERSITY, SRI LANKA",151,144
022R,MANAGEMENT STUDIES (TV),"UNIVERSITY OF VAVUNIYA, SRI LANKA",151,144
023G,ARCHITECTURE,UNIVERSITY OF MORATUWA,151,144
024G,DESIGN,UNIVERSITY OF MORATUWA,151,144
025A,LAW,UNIVERSITY OF COLOMBO,151,144
025B,LAW,UNIVERSITY OF PERADENIYA,151,144
025E,LAW,UNIVERSITY OF JAFFNA,151,144
026G,INFORMATION TECHNOLOGY (IT),UNIVERSITY OF MORATUWA,151,144
027D,MANAGEMENT AND INFORMATION TECHNOLOGY (MIT),UNIVERSITY OF KELANIYA,151,144
028C,MANAGEMENT AND PUBLIC POLICY,UNIVERSITY OF SRI JAYEWARDENEPURA,151,144
029W,COMMUNICATION STUDIES,"TRINCOMALEE CAMPUS, EASTERN UNIVERSITY, SRI LANKA",151,144
030G,URBAN INFORMATICS AND PLANNING,UNIVERSITY OF MORATUWA,151,144
031D,PEACE AND CONFLICT RESOLUTION,UNIVERSITY OF KELANIYA,151,144
032A,AYURVEDA MEDICINE AND SURGERY,UNIVERSITY OF COLOMBO,151,144
032P,AYURVEDA MEDICINE AND SURGERY,"GAMPAHA WICKRAMARACHCHI UNIVERSITY OF INDIGENOUS MEDICINE, SRI LANKA",151,144
033A,UNANI MEDICINE AND SURGERY,UNIVERSITY OF COLOMBO,151,144
034G,FASHION DESIGN & PRODUCT DEVELOPMENT,UNIVERSITY OF MORATUWA,151,144
035B,FOOD SCIENCE & TECHNOLOGY,UNIVERSITY OF PERADENIYA,151,144
035C,FOOD SCIENCE & TECHNOLOGY,UNIVERSITY OF SRI JAYEWARDENEPURA,151,144
035L,FOOD SCIENCE & TECHNOLOGY,SABARAGAMUWA UNIVERSITY OF SRI LANKA,151,144
036E,SIDDHA MEDICINE AND SURGERY,UNIVERSITY OF JAFFNA,151,144
036W,SIDDHA MEDICINE AND SURGERY,"TRINCOMALEE CAMPUS, EASTERN UNIVERSITY, SRI LANKA",151,144
037A,NURSING,UNIVERSITY OF COLOMBO,151,144
037B,NURSING,UNIVERSITY OF PERADENIYA,151,144
037C,NURSING,UNIVERSITY OF SRI JAYEWARDENEPURA,151,144
037E,NURSING,UNIVERSITY OF JAFFNA,151,144
037F,NURSING,UNIVERSITY OF RUHUNA,151,144
037H,NURSING,"EASTERN UNIVERSITY, SRI LANKA",151,144
038K,INFORMATION AND COMMUNICATION TECHNOLOGY (ICT),RAJARATA UNIVERSITY OF SRI LANKA,151,144
038R,INFORMATION AND COMMUNICATION TECHNOLOGY (ICT),"UNIVERSITY OF VAVUNIYA, SRI LANKA",151,144
039B,AGRICULTURAL TECHNOLOGY & MANAGEMENT,UNIVERSITY OF PERADENIYA,151,144
050K,HEALTH PROMOTION,RAJARATA UNIVERSITY OF SRI LANKA,152,145
051B,PHARMACY,UNIVERSITY OF PERADENIYA,152,145
051C,PHARMACY,UNIVERSITY OF SRI JAYEWARDENEPURA,152,145
051E,PHARMACY,UNIVERSITY OF JAFFNA,152,145
051F,PHARMACY,UNIVERSITY OF RUHUNA,152,145
052B,MEDICAL LABORATORY SCIENCES,UNIVERSITY OF PERADENIYA,152,145
052C,MEDICAL LABORATORY SCIENCES,UNIVERSITY OF SRI JAYEWARDENEPURA,152,145
052E,MEDICAL LABORATORY SCIENCES,UNIVERSITY OF JAFFNA,152,145
052F,MEDICAL LABORATORY SCIENCES,UNIVERSITY OF RUHUNA,152,145
053B,RADIOGRAPHY,UNIVERSITY OF PERADENIYA,152,145
054A,PHYSIOTHERAPY,UNIVERSITY OF COLOMBO,152,145
054B,PHYSIOTHERAPY,UNIVERSITY OF PERADENIYA,152,145
055D,ENVIRONMENTAL CONSERVATION & MANAGEMENT,UNIVERSITY OF KELANIYA,152,145
056G,FACILITIES MANAGEMENT,UNIVERSITY OF MORATUWA,152,145
057G,TRANSPORT MANAGEMENT & LOGISTICS ENGINEERING (TMLE),UNIVERSITY OF MORATUWA,152,145
058A,BIOCHEMISTRY & MOLECULAR BIOLOGY,UNIVERSITY OF COLOMBO,152,145
059A,INDUSTRIAL STATISTICS & MATHEMATICAL FINANCE,UNIVERSITY OF COLOMBO,152,145
060B,STATISTICS & OPERATIONS RESEARCH,UNIVERSITY OF PERADENIYA,152,145
062F,FISHERIES & MARINE SCIENCES,UNIVERSITY OF RUHUNA,152,145
063J,ISLAMIC STUDIES,SOUTH EASTERN UNIVERSITY OF SRI LANKA,152,145
064U,SCIENCE AND TECHNOLOGY,UVA WELLASSA UNIVERSITY OF SRI LANKA,152,145
065U,COMPUTER SCIENCE & TECHNOLOGY,UVA WELLASSA UNIVERSITY OF SRI LANKA,152,145
066U,ENTREPRENEURSHIP AND MANAGEMENT,UVA WELLASSA UNIVERSITY OF SRI LANKA,152,145
067U,ANIMAL PRODUCTION AND FOOD TECHNOLOGY,UVA WELLASSA UNIVERSITY OF SRI LANKA,152,145
068C,MUSIC,UNIVERSITY OF SRI JAYEWARDENEPURA,152,145
068E,MUSIC,UNIVERSITY OF JAFFNA,152,145
068Y,MUSIC,"SWAMY VIPULANANDA INSTITUTE OF AESTHETIC STUDIES, EASTERN UNIVERSITY, SRI LANKA",152,145
068Z,MUSIC,UNIVERSITY OF THE VISUAL & PERFORMING ARTS,152,145
069E,DANCE,UNIVERSITY OF JAFFNA,152,145
069Y,DANCE,"SWAMY VIPULANANDA INSTITUTE OF AESTHETIC STUDIES, EASTERN UNIVERSITY, SRI LANKA",152,145
069Z,DANCE,UNIVERSITY OF THE VISUAL & PERFORMING ARTS,152,145
070E,ART & DESIGN,UNIVERSITY OF JAFFNA,152,145
071Y,DRAMA & THEATRE,"SWAMY VIPULANANDA INSTITUTE OF AESTHETIC STUDIES, EASTERN UNIVERSITY, SRI LANKA",152,145
071Z,DRAMA & THEATRE,UNIVERSITY OF THE VISUAL & PERFORMING ARTS,152,145
072Y,VISUAL & TECHNOLOGICAL ARTS,"SWAMY VIPULANANDA INSTITUTE OF AESTHETIC STUDIES, EASTERN UNIVERSITY, SRI LANKA",152,145
073U,EXPORT AGRICULTURE,UVA WELLASSA UNIVERSITY OF SRI LANKA,152,145
075U,INDUSTRIAL INFORMATION TECHNOLOGY,UVA WELLASSA UNIVERSITY OF SRI LANKA,152,145
076U,MINERAL RESOURCES AND TECHNOLOGY,UVA WELLASSA UNIVERSITY OF SRI LANKA,153,146
077C,BUSINESS INFORMATION SYSTEMS (HONOURS) (BIS),UNIVERSITY OF SRI JAYEWARDENEPURA,153,146
079J,MANAGEMENT AND INFORMATION TECHNOLOGY(SEUSL),SOUTH EASTERN UNIVERSITY OF SRI LANKA,153,146
081E,PHYSICAL EDUCATION,UNIVERSITY OF JAFFNA,153,146
081L,PHYSICAL EDUCATION,SABARAGAMUWA UNIVERSITY OF SRI LANKA,153,146
082C,SPORTS SCIENCE & MANAGEMENT,UNIVERSITY OF SRI JAYEWARDENEPURA,153,146
082L,SPORTS SCIENCE & MANAGEMENT,SABARAGAMUWA UNIVERSITY OF SRI LANKA,153,146
083D,SPEECH AND HEARING SCIENCES,UNIVERSITY OF KELANIYA,153,146
084J,ARABIC LANGUAGE,SOUTH EASTERN UNIVERSITY OF SRI LANKA,153,146
085Z,VISUAL ARTS,UNIVERSITY OF THE VISUAL & PERFORMING ARTS,153,146
086B,ANIMAL SCIENCE & FISHERIES,UNIVERSITY OF PERADENIYA,153,146
087M,FOOD PRODUCTION & TECHNOLOGY MANAGEMENT,WAYAMBA UNIVERSITY OF SRI LANKA,153,146
088U,AQUATIC RESOURCES TECHNOLOGY,UVA WELLASSA UNIVERSITY OF SRI LANKA,153,146
090U,"HOSPITALITY, TOURISM AND EVENTS MANAGEMENT",UVA WELLASSA UNIVERSITY OF SRI LANKA,153,146
091G,INFORMATION TECHNOLOGY & MANAGEMENT,UNIVERSITY OF MORATUWA,153,146
092K,TOURISM & HOSPITALITY MANAGEMENT,RAJARATA UNIVERSITY OF SRI LANKA,153,146
092L,TOURISM & HOSPITALITY MANAGEMENT,SABARAGAMUWA UNIVERSITY OF SRI LANKA,153,146
093F,AGRICULTURAL RESOURCE MANAGEMENT AND TECHNOLOGY,UNIVERSITY OF RUHUNA,153,146
094F,AGRIBUSINESS MANAGEMENT,UNIVERSITY OF RUHUNA,153,146
095F,GREEN TECHNOLOGY,UNIVERSITY OF RUHUNA,153,146
096C,INFORMATION SYSTEMS,UNIVERSITY OF SRI JAYEWARDENEPURA,153,146
096L,INFORMATION SYSTEMS,SABARAGAMUWA UNIVERSITY OF SRI LANKA,153,146
096T,INFORMATION SYSTEMS,UNIVERSITY OF COLOMBO SCHOOL OF COMPUTING,153,146
097G,LANDSCAPE ARCHITECTURE,UNIVERSITY OF MORATUWA,153,146
098D,TRANSLATION STUDIES,UNIVERSITY OF KELANIYA,153,146
098E,TRANSLATION STUDIES,UNIVERSITY OF JAFFNA,153,146
098H,TRANSLATION STUDIES,"EASTERN UNIVERSITY, SRI LANKA",153,146
098L,TRANSLATION STUDIES,SABARAGAMUWA UNIVERSITY OF SRI LANKA,153,146
099C,SOFTWARE ENGINEERING,UNIVERSITY OF SRI JAYEWARDENEPURA,153,146
099D,SOFTWARE ENGINEERING,UNIVERSITY OF KELANIYA,153,146
099L,SOFTWARE ENGINEERING,SABARAGAMUWA UNIVERSITY OF SRI LANKA,153,146
100D,FILM & TELEVISION STUDIES,UNIVERSITY OF KELANIYA,153,146
101R,PROJECT MANAGEMENT,"UNIVERSITY OF VAVUNIYA, SRI LANKA",153,146
102A,ENGINEERING TECHNOLOGY (ET),UNIVERSITY OF COLOMBO,153,146
102C,ENGINEERING TECHNOLOGY(ET),UNIVERSITY OF SRI JAYEWARDENEPURA,153,146
102D,ENGINEERING TECHNOLOGY (ET),UNIVERSITY OF KELANIYA,153,146
102E,ENGINEERING TECHNOLOGY (ET),UNIVERSITY OF JAFFNA,153,146
102F,ENGINEERING TECHNOLOGY (ET),UNIVERSITY OF RUHUNA,153,146
102K,ENGINEERING TECHNOLOGY (ET),RAJARATA UNIVERSITY OF SRI LANKA,153,146
102L,ENGINEERING TECHNOLOGY (ET),SABARAGAMUWA UNIVERSITY OF SRI LANKA,154,147
102M,ENGINEERING TECHNOLOGY (ET),WAYAMBA UNIVERSITY OF SRI LANKA,154,147
102U,ENGINEERING TECHNOLOGY (ET),UVA WELLASSA UNIVERSITY OF SRI LANKA,154,147
103A,BIOSYSTEMS TECHNOLOGY (BST),UNIVERSITY OF COLOMBO,154,147
103C,BIOSYSTEMS TECHNOLOGY (BST),UNIVERSITY OF SRI JAYEWARDENEPURA,154,147
103D,BIOSYSTEMS TECHNOLOGY (BST),UNIVERSITY OF KELANIYA,154,147
103E,BIOSYSTEMS TECHNOLOGY (BST),UNIVERSITY OF JAFFNA,154,147
103F,BIOSYSTEMS TECHNOLOGY (BST),UNIVERSITY OF RUHUNA,154,147
103H,BIOSYSTEMS TECHNOLOGY (BST),"EASTERN UNIVERSITY, SRI LANKA",154,147
103J,BIOSYSTEMS TECHNOLOGY (BST),SOUTH EASTERN UNIVERSITY OF SRI LANKA,154,147
103K,BIOSYSTEMS TECHNOLOGY (BST),RAJARATA UNIVERSITY OF SRI LANKA,154,147
103L,BIOSYSTEMS TECHNOLOGY (BST),SABARAGAMUWA UNIVERSITY OF SRI LANKA,154,147
103M,BIOSYSTEMS TECHNOLOGY (BST),WAYAMBA UNIVERSITY OF SRI LANKA,154,147
103U,BIOSYSTEMS TECHNOLOGY (BST),UVA WELLASSA UNIVERSITY OF SRI LANKA,154,147
104A,INFORMATION COMMUNICATION TECHNOLOGY,UNIVERSITY OF COLOMBO,154,147
104C,INFORMATION COMMUNICATION TECHNOLOGY,UNIVERSITY OF SRI JAYEWARDENEPURA,154,147
104D,INFORMATION COMMUNICATION TECHNOLOGY,UNIVERSITY OF KELANIYA,154,147
104F,INFORMATION COMMUNICATION TECHNOLOGY,UNIVERSITY OF RUHUNA,154,147
104H,INFORMATION COMMUNICATION TECHNOLOGY,"EASTERN UNIVERSITY, SRI LANKA",154,147
104J,INFORMATION COMMUNICATION TECHNOLOGY,SOUTH EASTERN UNIVERSITY OF SRI LANKA,154,147
104K,INFORMATION COMMUNICATION TECHNOLOGY,RAJARATA UNIVERSITY OF SRI LANKA,154,147
104R,INFORMATION COMMUNICATION TECHNOLOGY,"UNIVERSITY OF VAVUNIYA, SRI LANKA",154,147
104U,INFORMATION COMMUNICATION TECHNOLOGY,UVA WELLASSA UNIVERSITY OF SRI LANKA,154,147
105C,TEACHING ENGLISH AS A SECOND LANGUAGE (TESL),UNIVERSITY OF SRI JAYEWARDENEPURA,154,147
105D,TEACHING ENGLISH AS A SECOND LANGUAGE (TESL),UNIVERSITY OF KELANIYA,154,147
105L,TEACHING ENGLISH AS A SECOND LANGUAGE (TESL),SABARAGAMUWA UNIVERSITY OF SRI LANKA,154,147
106F,MARINE AND FRESHWATER SCIENCES,UNIVERSITY OF RUHUNA,154,147
107L,FOOD BUSINESS MANAGEMENT,SABARAGAMUWA UNIVERSITY OF SRI LANKA,154,147
108C,PHYSICAL SCIENCE -ICT,UNIVERSITY OF SRI JAYEWARDENEPURA,154,147
108D,PHYSICAL SCIENCE -ICT,UNIVERSITY OF KELANIYA,154,147
109G,BUSINESS SCIENCE,UNIVERSITY OF MORATUWA,154,147
110D,FINANCIAL ENGINEERING,UNIVERSITY OF KELANIYA,154,147
111B,GEOGRAPHICAL INFORMATION SCIENCE,UNIVERSITY OF PERADENIYA,154,147
112B,SOCIAL WORK,UNIVERSITY OF PERADENIYA,154,147
112C,SOCIAL WORK,UNIVERSITY OF SRI JAYEWARDENEPURA,154,147
113F,FINANCIAL MATHEMATICS AND INDUSTRIAL STATISTICS,UNIVERSITY OF RUHUNA,154,147
114U,HUMAN RESOURCE DEVELOPMENT,UVA WELLASSA UNIVERSITY OF SRI LANKA,155,148
115D,OCCUPATIONAL THERAPY,UNIVERSITY OF KELANIYA,155,148
116C,OPTOMETRY,UNIVERSITY OF SRI JAYEWARDENEPURA,155,148
117G,ARTIFICIAL INTELLIGENCE,UNIVERSITY OF MORATUWA,155,148
118D,APPLIED CHEMISTRY,UNIVERSITY OF KELANIYA,155,148
119D,ELECTRONICS AND COMPUTER SCIENCE,UNIVERSITY OF KELANIYA,155,148
127D,ACCOUNTING INFORMATION SYSTEMS,UNIVERSITY OF KELANIYA,155,148
128C,ARTS-INFORMATION TECHNOLOGY,UNIVERSITY OF SRI JAYEWARDENEPURA,155,148
129C,AQUATIC BIORESOURCES,UNIVERSITY OF SRI JAYEWARDENEPURA,155,148
130C,URBAN BIO RESOURCES,UNIVERSITY OF SRI JAYEWARDENEPURA,155,148
131C,FINANCIAL ECONOMICS,UNIVERSITY OF SRI JAYEWARDENEPURA,155,148
132U,ENGLISH LANGUAGE & APPLIED LINGUISTICS,UVA WELLASSA UNIVERSITY OF SRI LANKA,155,148
133R,BANKING AND INSURANCE,"UNIVERSITY OF VAVUNIYA, SRI LANKA",155,148
134C,CREATIVE MUSIC TECHNOLOGY AND PRODUCTION,UNIVERSITY OF SRI JAYEWARDENEPURA,155,148
135U,PLANTATION MANAGEMENT AND TECHNOLOGY,UVA WELLASSA UNIVERSITY OF SRI LANKA,155,148
136L,DATA SCIENCE,SABARAGAMUWA UNIVERSITY OF SRI LANKA,155,148
137A,PRIMARY EDUCATION,UNIVERSITY OF COLOMBO,155,148
138A,MEDICAL IMAGING TECHNOLOGY,UNIVERSITY OF COLOMBO,155,148
139C,POLYMER SCIENCE AND INDUSTRIAL MANAGEMENT,UNIVERSITY OF SRI JAYEWARDENEPURA,155,148
141D,SPORTS SCIENCE,UNIVERSITY OF KELANIYA,155,148
142F,GEOGRAPHICAL INFORMATION SYSTEMS,UNIVERSITY OF RUHUNA,155,148
143B,ELECTRONIC AND INTELLIGENT SYSTEMS ENGINEERING,UNIVERSITY OF PERADENIYA,155,148
