academic_year,local_file,url,bytes,sha256,downloaded_utc,role
2024/2025,pdfs/COP_2024_2025-ENGLISH_Final.pdf,https://ugc.ac.lk/downloads/admissions/cutoff_2025/COP_2024_2025-ENGLISH_Final.pdf,816141,eee1dabff31ea41e619d60e372f9bd4032d79c86364babb00141ac63083bbcac,2026-10-05T07:19Z,USED: standalone COP (cross-validates handbook table)
2023/2024,pdfs/COP_2023_2024-ENGLISH_AR_A4.pdf,https://ugc.ac.lk/downloads/admissions/cutoff_2024/COP_2023_2024-ENGLISH_AR_A4.pdf,952885,7d03c7e3e46e48fa34e8ad305a99e51c69b022dfb1844e841aadda706e466224,2026-10-05T07:19Z,"USED: after re-scrutiny; PDF pp3-12 table, p1 notice, p2 FBM image (redundant)"
2022/2023,pdfs/COP_2022_2023-ENGLISH_AR_A4.pdf,https://ugc.ac.lk/downloads/admissions/cutoff_2023/COP_2022_2023-ENGLISH_AR_A4.pdf,225864,0fc95619d1a08f476ff29e3e77f811743dc156dc18519df6511d2ba182a35e7c,2026-10-05T07:19Z,USED: after re-scrutiny main table
2022/2023,pdfs/COP_2022_2023-ENGLISH_AR_5TH_PAGE.pdf,https://ugc.ac.lk/downloads/admissions/cutoff_2023/COP_2022_2023-ENGLISH_AR%205TH%20PAGE.pdf,121117,744443693edcd5b51dca4a24b48750de1a3d2f87b440e8dfd231fa52fffd6ce7,2026-10-05T07:19Z,USED: later correction page (swaps Moratuwa IT / IT&M values); applied
2022/2023,pdfs/COP_2022_2023-ENGLISH_AR_A4_j.pdf,https://ugc.ac.lk/downloads/admissions/cutoff_2023/COP_2022_2023-ENGLISH_AR_A4_j.pdf,4266360,1899c50e0d46075c340d331ccb38c0cf6216b382cf28acbc59063e704c7d7215,2026-10-05T07:19Z,NOT USED: image-only copy of AR_A4 (uncorrected p5)
2021/2022,pdfs/COP_2021_2022-ENGLISH_AR_FINAL_A4.pdf,https://ugc.ac.lk/downloads/admissions/cutoff_2022/COP_2021_2022-ENGLISH_AR_FINAL_A4.pdf,3969030,423220eb574e58ab8b7c1e092d6ee1d6b4a16ede84cfe2843ba95258541752bb,2026-10-05T07:19Z,USED: after re-scrutiny (image-only; OCR + visual)
2021/2022,pdfs/COP_2021_2022-ENGLISH.pdf,https://ugc.ac.lk/downloads/admissions/cutoff_2022/COP_2021_2022-ENGLISH.pdf,152758,b5effd59cc98b28af193dda194ddef600e56dff42c211ec1e1a996a3ff567b12,2026-10-05T07:19Z,USED for labels only + bonus file: BEFORE re-scrutiny text layer
2020/2021,pdfs/COP_2020_2021-ENGLISH_NEW_SYLLABUS.pdf,https://ugc.ac.lk/downloads/admissions/cutoff_2021/COP_2020_2021-ENGLISH_NEW_SYLLABUS.pdf,170450,a4bba62610ef823e25d8dc4a6c964d1467a3fb948da7087604565e53b45e7d97,2026-10-05T07:19Z,"USED: after re-scrutiny, new syllabus"
2020/2021,pdfs/COP_2020_2021-ENGLISH_OLD_SYLLABUS.pdf,https://ugc.ac.lk/downloads/admissions/cutoff_2021/COP_2020_2021-ENGLISH_OLD_SYLLABUS.pdf,166470,cdd0efa7f0d5da4b5a25b55c12f2704a31c4a05ee944038bd8285079b6bc34c7,2026-10-05T07:19Z,"USED: after re-scrutiny, old syllabus"
2023/2024,handbooks/hb_2023_24.pdf,https://ugc.ac.lk/downloads/admissions/Handbook_2023_24/student_handbook_english.pdf,12181230,3596b061460d2f414b2fcf1926df11fca45ef4624f728001687f91df2aed930a,2026-10-05,"crosswalk evidence only (uni-code lists); 2021/22 is a scan, not used"
2022/2023,handbooks/hb_2022_23.pdf,https://ugc.ac.lk/downloads/admissions/Handbook_2022_23/student_handbook_english.pdf,5455457,86e2123c9da5e5c0465faad6bc372540ce930a4212169bd96687701e85e781a1,2026-10-05,"crosswalk evidence only (uni-code lists); 2021/22 is a scan, not used"
2021/2022,handbooks/hb_2021_22.pdf,https://ugc.ac.lk/downloads/admissions/Handbook_2021_22/HANDBOOK_ENGLISH.pdf,57911704,fc9add3cd46424b06993f304520b5eb1f14954e6c6e206ccd0edb8053ff53104,2026-10-05,"crosswalk evidence only (uni-code lists); 2021/22 is a scan, not used"
2020/2021,handbooks/hb_2020_21.pdf,https://ugc.ac.lk/downloads/admissions/Handbook_2020_21/HANDBOOK_ENGLISH.pdf,6802796,b5a6ef45e427416b0aee2cff15a50c05760ea14bd4b8df8c3b2c0712fe7ea7f5,2026-10-05,"crosswalk evidence only (uni-code lists); 2021/22 is a scan, not used"
